posicao_ranking,Artista,Musica,Observacao,prob_aparecer,prob_posicao_exata,posicao_prevista,forca_musica,dropout_score,streak_anos
1,Pink Floyd,Another Brick in the Wall,,0.9732638813881931,0.33347037348682895,16.873107397950392,1.0,0.0,25
2,Deep Purple,Smoke on the Water,,0.9798933044936317,0.33574181933132036,26.237746311593273,1.0,0.0,25
3,Iron Maiden,Fear of the Dark,,0.9851701450128958,0.3375498284565327,37.90742093023226,0.8999999999999999,0.0,17
4,Eagles,Hotel California,,0.960140248967138,0.3289738102333863,20.35387446335197,1.0,0.0,25
5,Led Zeppelin,Kashmir,,0.9708169034218781,0.3326319629879443,36.67384606069113,1.0,0.0,25
6,Metallica,One,,0.9664976769406054,0.3311520621147815,33.376689465897876,0.8799999999999999,0.0,14
7,Queen,Bohemian Rhapsody,,0.9398615357647577,0.3220256945221727,8.145714285714286,1.0,0.0,25
8,Led Zeppelin,Stairway to Heaven,,0.9410964691747872,0.32244882098699795,17.599249999999998,1.0,0.0,25
9,Iron Maiden,The Number of the Beast,,0.9687194039299761,0.3319132946469848,54.94568214650938,0.9199999999999999,0.0,16
10,Rush,Tom Sawyer,,0.9665930599714008,0.3311847432976671,53.33086196291399,1.0,0.0,25
11,The Beatles,Help!,,0.9507675693544438,0.3257624396783016,54.255462218474705,0.98,0.0,24
12,Pink Floyd,Wish You Were Here,,0.9621446207843637,0.3296605701463745,67.68837535363129,0.94,0.0,16
13,AC/DC,T.N.T.,,0.9084548301255156,0.31126478367385196,34.99587313462217,0.8599999999999999,0.0,17
14,Guns N' Roses,Sweet Child O' Mine,,0.9337524953819611,0.31993254792847436,61.59762162773905,0.9199999999999999,0.0,16
15,The Rolling Stones,(I Can't Get No) Satisfaction,,0.886449942213451,0.303725227001816,27.718264477132006,1.0,0.0,25
16,Dire Straits,Sultans of Swing,,0.9221204361213236,0.3159470438732606,66.30923097263931,0.98,0.0,8
17,Queen,We Are the Champions,,0.9087906207655477,0.31137983595544405,62.882242722698486,0.8999999999999999,0.0,6
18,Black Sabbath,Paranoid,,0.8924768921300191,0.3057902468572715,47.970755702650166,0.98,0.0,21
19,The Who,Baba O'Riley,,0.9378785531212178,0.32134626320307763,96.96818638289537,0.8200000000000001,0.0,1
20,AC/DC,Highway to Hell,,0.9496405008801236,0.3253762710838802,110.04027651569992,0.96,0.0,21
21,Journey,Don't Stop Believin',,0.95154636185232,0.3260292781278751,120.61646816110373,1.0,0.0,25
22,Metallica,The Unforgiven,,0.9659853172864604,0.330976511815942,136.21268495409547,0.8599999999999999,0.0,10
23,Pearl Jam,Black,,0.8768815945687981,0.3004468145139682,50.56059735286129,0.9199999999999999,0.0,10
24,Led Zeppelin,Rock and Roll,,0.9139892692549523,0.31316105406755135,87.97313429190972,0.78,0.0,2
25,Dio,Rainbow in the Dark,,0.9609927370833466,0.32926589908610293,136.917560097816,0.96,0.0,21
26,Alice in Chains,Man in the Box,,0.9523805851673023,0.32631510889354753,135.3249210820947,0.8999999999999999,0.0,17
27,The Beatles,Hey Jude,,0.9146190649481927,0.3133768415934849,99.01760727186605,0.86,0.0,4
28,Kiss,Detroit Rock City,,0.9231222570307983,0.3162902987697363,120.86348792709174,0.78,0.0,1
29,Pink Floyd,Comfortably Numb,,0.882396147503195,0.30233627128084556,81.14463138987922,0.76,0.0,1
30,Metallica,Nothing Else Matters,,0.9355140540697111,0.3205361125369597,140.80646321184565,0.8599999999999999,0.0,6
31,Kiss,Rock and Roll All Nite,,0.8805146310786187,0.3016916054334598,92.73572361400382,0.8600000000000001,0.0,2
32,The Doors,Light My Fire,,0.8395503331034015,0.2876559671994207,53.48145435310432,0.92,0.0,4
33,Eric Clapton,Cocaine,,0.9152155395722119,0.3135812122882685,129.65819270460628,1.0,0.0,25
34,Aerosmith,Dream On,,0.8372947798327828,0.2868831447347672,59.34939006031499,0.84,0.0,3
35,Bon Jovi,Livin' on a Prayer,,0.9717633667589458,0.33295625066422524,194.90764947212497,0.8400000000000001,0.0,17
36,Metallica,Enter Sandman,,0.8662014269008735,0.2967874580236761,99.76855945432713,0.8400000000000001,0.0,16
37,AC/DC,Back in Black,,0.8840260671004075,0.30289473225656854,118.50065636591452,0.98,0.0,21
38,Steppenwolf,Born to Be Wild,,0.9245983342017111,0.3167960485616403,163.79207469439004,0.8,0.0,1
39,Nirvana,Smells Like Teen Spirit,,0.8800773072003284,0.30154176471727073,120.3000337487231,0.8999999999999999,0.0,17
40,Judas Priest,Breaking the Law,,0.9153123573765654,0.31361438506904804,170.53103297749414,0.8400000000000001,0.0,16
41,Lynyrd Skynyrd,Simple Man,,0.8530411711754627,0.2922783464909689,112.46659336903109,0.8999999999999999,0.0,20
42,Yes,Owner of a Lonely Heart,,0.8978169765940748,0.3076199253183071,159.46491356047497,1.0,0.0,25
43,Nirvana,Come as You Are,,0.8665395449665516,0.2969033077534365,131.25258346261884,0.8799999999999999,0.0,10
44,Ramones,Pet Sematary,,0.9129709008952661,0.312812129501721,187.36331824808957,0.96,0.0,23
45,Rage Against the Machine,Killing in the Name,,0.890522195045866,0.30512050704757426,166.34004878787601,0.7,0.0,7
46,Bruce Dickinson,Tears of the Dragon,,0.8742296350896531,0.2995381709950892,152.3427550544167,0.8999999999999999,0.0,8
47,Bon Jovi,It's My Life,,0.8675457280844292,0.29724805727772396,152.00454203273068,0.74,0.0,7
48,U2,Sunday Bloody Sunday,,0.8786966333444992,0.3010687030582783,176.95554473827974,1.0,0.0,25
49,The Jimi Hendrix Experience,Foxy Lady,,0.8730696747339379,0.2991407326225704,177.95203051122266,0.86,0.0,4
50,Bruce Springsteen,Born in the U.S.A.,,0.8770253793357009,0.30049607963192615,185.0118006946626,0.98,0.0,16
51,The Rolling Stones,Start Me Up,,0.8554641937675715,0.293108549136119,163.91495818125867,0.94,0.0,16
52,AC/DC,Hells Bells,,0.8747874304618065,0.2997292889792642,184.48167594645062,0.72,0.0,1
53,Whitesnake,Love Ain't No Stranger,,0.8722103427614855,0.2988462988525694,182.74533343310873,0.98,0.0,20
54,U2,New Year's Day,,0.8820799510186084,0.3022279325642583,193.49264944860218,0.96,0.0,14
55,David Bowie,"""Heroes""",,0.8271309286651276,0.2834006942814449,146.25422370176614,0.8999999999999999,0.0,14
56,Whitesnake,Is This Love,,0.9176160832902975,0.31440371297441305,238.66840211874307,0.98,0.0,24
57,Motörhead,Ace of Spades,,0.7871749717274101,0.2697105449418437,109.64886602746405,0.8400000000000001,0.0,10
58,Jethro Tull,Aqualung,,0.8138443059125762,0.27884828548831025,138.02752362603488,0.9400000000000001,0.0,4
59,Ozzy Osbourne,No More Tears,,0.8182172439111595,0.28034658959216996,143.5389123894499,0.9199999999999999,0.0,11
60,Black Sabbath,Iron Man,,0.7974686870327323,0.2732374908740577,126.38865546543262,0.96,0.0,17
61,Pink Floyd,Money,,0.8484558377208749,0.29070726912037737,181.76366840024068,0.96,0.0,6
62,The Rolling Stones,Gimme Shelter,,0.8008923025317903,0.2744105276639545,138.25536034127967,0.8799999999999999,0.0,9
63,Alice Cooper,No More Mr. Nice Guy,,0.8739037865685821,0.29942652519162355,217.20895075880452,1.0,0.0,25
64,Peter Frampton,Breaking All the Rules,,0.8021965326465663,0.27485739732777764,152.46140264514938,0.96,0.0,11
65,Wings,Band on the Run,,0.7977165096099921,0.27332240257064644,149.64631879873534,0.78,0.0,2
66,Bob Dylan,Hurricane,,0.8408378555929127,0.28809711231295104,200.92388633367938,0.94,0.0,17
67,Red Hot Chili Peppers,Give It Away,,0.8048476019736381,0.2757657358529648,171.42758738669983,0.7,0.0,2
68,The Beatles,Twist and Shout,,0.7886758929878733,0.27022480708890606,155.45228870747061,0.7799999999999999,0.0,3
69,Elvis Presley,Blue Suede Shoes,,0.81285954690824,0.2785108765293935,179.73332991437942,0.82,0.0,4
70,AC/DC,Thunderstruck,,0.789887730725896,0.27064002026061806,157.44594760525376,0.8400000000000001,0.0,13
71,Ramones,Poison Heart,,0.7660115406365672,0.2624592974589308,134.55414264101998,0.9199999999999999,0.0,13
72,Survivor,Eye of the Tiger,,0.7998298112332107,0.2740464852116049,168.4104263685459,0.8999999999999999,0.0,5
73,Dire Straits,Money for Nothing,,0.8149244668606482,0.2792183821102724,184.8683607243681,0.8200000000000001,0.0,1
74,Grand Funk Railroad,We're an American Band,,0.8245424307332604,0.2825137946557458,196.97027222016715,0.94,0.0,5
75,The Animals,The House of the Rising Sun,,0.7780733421693157,0.2665920445370537,152.16681234164093,0.88,0.0,4
76,Queen,Love of My Life,,0.8107182833491612,0.27777721326248866,184.88657761913916,0.9199999999999999,0.0,8
77,Stone Temple Pilots,Plush,,0.8315803357078722,0.284925199050103,207.0847424652706,0.8999999999999999,0.0,9
78,Aerosmith,Crazy,,0.8249688102484031,0.2826598854938841,203.85628298852356,0.8400000000000001,0.0,12
79,Janis Joplin,Mercedes Benz,,0.7742067671080657,0.2652672360709769,156.6359779460969,0.96,0.0,7
80,Bad Religion,American Jesus,,0.8170064284012468,0.279931726667494,202.83489625055728,0.8400000000000001,0.0,15
81,Van Halen,Jump,,0.7743704185108156,0.2653233081141712,167.69999277518235,0.8200000000000001,0.0,1
82,Led Zeppelin,Immigrant Song,,0.7983830694852938,0.27355078664491334,194.19718736885133,0.8999999999999999,0.0,17
83,The Smiths,Ask,,0.8065723489602474,0.2763566876316073,202.8046921146228,0.8999999999999999,0.0,9
84,Oasis,Wonderwall,,0.7633122273788915,0.2615344290677282,160.1687515279427,0.7999999999999999,0.0,3
85,Iggy Pop,Candy,featuring Kate Pierson,0.8211480876050816,0.2813507874874517,218.68921010733462,0.8799999999999999,0.0,8
86,Led Zeppelin,Black Dog,,0.8017056778677423,0.2746892152657979,199.39453810319068,0.8,0.0,1
87,Pink Floyd,Time,,0.7803366958146749,0.26736753965187726,180.13569210408505,0.8,0.0,1
88,The Who,Pinball Wizard,,0.7874592671918798,0.26980795338012054,193.12763284382888,0.74,0.0,1
89,Deep Purple,Burn,,0.7144609804941108,0.24479647766987137,122.86387093641184,0.71,0.024,0
90,Iron Maiden,The Trooper,,0.759841991265875,0.26034541861041577,170.27122546779,0.7,0.0,8
91,Creedence Clearwater Revival,Have You Ever Seen the Rain?,,0.7944893792034474,0.27221668766378465,213.2155584562812,0.75,0.008000000000000007,0
92,The Police,Roxanne,,0.7992347783195154,0.2738426084914662,219.4608264548141,0.7,0.0,1
93,Queensrÿche,Silent Lucidity,,0.7926279336617319,0.27157889872299307,214.93748032613567,0.86,0.0,4
94,Queen,Radio Ga Ga,,0.7738369466113542,0.26514052410568173,199.01909458343104,0.8799999999999999,0.0,9
95,Queen and David Bowie,Under Pressure,,0.7930481193708403,0.271722867371198,218.63679502399734,0.94,0.0,19
96,Pearl Jam,Alive,,0.7470414002922956,0.2559595393700157,176.33154624168935,0.74,0.0,1
97,The Cure,Friday I'm in Love,,0.7612530248804211,0.2608288824637892,191.81781092238475,0.7,0.0,1
98,Black Sabbath,Heaven and Hell,,0.7194392322324092,0.24650218102353325,153.124064480999,0.64,0.0,1
99,David Bowie,Starman,,0.7460998437375208,0.2556369329094411,180.01660323063504,0.74,0.0,1
100,Led Zeppelin,Whole Lotta Love,,0.7579566128058913,0.2596994295099901,192.87544496311574,0.78,0.0,1
101,Queen,Don't Stop Me Now,,0.7602085715254673,0.260471020370038,196.01386441553166,0.78,0.0,4
102,Elvis Presley,Suspicious Minds,,0.6929428181374738,0.23742368825988822,133.88022489199938,0.63,0.05600000000000001,0
103,The Cure,Boys Don't Cry,,0.6976792039050769,0.2390465208350039,140.50898511274542,0.98,0.0,15
104,U2,One,,0.72890634562718,0.24974590751946926,172.39980703198395,0.8799999999999999,0.0,12
105,Bob Dylan,Like a Rolling Stone,,0.6965632608084037,0.23866416413981156,141.14206323235646,0.78,0.0,2
106,Black Sabbath,N.I.B.,,0.7141744335179235,0.24469829779389116,159.31013674470736,0.74,0.0,1
107,R.E.M.,Losing My Religion,,0.7546183836771545,0.2585556487372394,202.67391050325057,0.74,0.0,1
108,Ozzy Osbourne,"Mama, I'm Coming Home",,0.7751674612692651,0.26559639966871035,223.962488509655,0.74,0.0,1
109,Echo & the Bunnymen,The Killing Moon,,0.7520045766320456,0.2576600774248511,209.50231272149136,0.8999999999999999,0.0,11
110,The Who,Behind Blue Eyes,,0.7452803391781911,0.25535614524568434,203.71165831275695,0.7,0.0,1
111,Aerosmith,I Don't Want to Miss a Thing,,0.7328154761310696,0.25108529679926195,191.6617104350705,0.66,0.0,1
112,The Beatles,Yesterday,,0.687049134517291,0.23540432956835605,148.38666566436862,0.8799999999999999,0.0,5
113,The Who,My Generation,,0.6937827942886389,0.23771149012555443,155.35415196653346,0.86,0.0,3
114,Van Halen,Panama,,0.7482317596007779,0.2563673933660121,214.39882746934185,0.8,0.0,1
115,Rush,The Spirit of Radio,,0.7100073535718379,0.24327052703968557,179.955446550735,0.75,0.008000000000000007,0
116,AC/DC,You Shook Me All Night Long,,0.6967026190455575,0.2387119125914708,169.60286720634562,0.63,0.05600000000000001,0
117,Led Zeppelin,All My Love,,0.690875439975024,0.23671534042005332,164.62347833518558,0.74,0.0,1
118,Big Brother and the Holding Company,Piece of My Heart,,0.7341070166431551,0.25152781861187073,212.6100420997812,0.74,0.0,1
119,The Beatles,Let It Be,,0.6726813324124723,0.23048147521641518,151.3547224844873,0.78,0.0,2
120,Kiss,Forever,,0.7364096814941291,0.2523167829642456,215.95693771006867,0.76,0.0,3
121,Dio,Holy Diver,,0.6730783723114336,0.2306175133926259,153.2620441477913,0.74,0.0,1
122,The Doors,Break On Through,,0.7724596038242526,0.26466860377408674,256.67725783586565,0.7,0.0,2
123,Joan Jett & the Blackhearts,I Love Rock 'n' Roll,,0.7440052876647976,0.25491927307512785,231.81814471057154,0.74,0.0,2
124,The Outfield,Your Love,,0.80546800316335,0.2759783045307933,299.2441068334945,0.7,0.0,1
125,Lynyrd Skynyrd,Sweet Home Alabama,,0.7429921676129808,0.2545721467422525,238.9191782700241,0.8200000000000001,0.0,1
126,Bad Company,Bad Company,,0.7319785685748477,0.25079854632933885,227.99958996389728,0.67,0.039999999999999994,0
127,Boston,More Than a Feeling,,0.744158468501762,0.2549717575779337,240.37975381877314,0.88,0.0,4
128,The Beatles,A Hard Day's Night,,0.7209212838497874,0.24700997784598283,218.04115786192406,0.6100000000000001,0.06399999999999999,0
129,Foo Fighters,My Hero,,0.7608562096621178,0.2606929212701362,260.10334705697323,0.6799999999999999,0.0,9
130,Europe,The Final Countdown,,0.6968942598304181,0.2387775746645477,203.6321947333416,0.76,0.0,1
131,Twisted Sister,I Wanna Rock,,0.6874736173674949,0.2355497705502965,197.4337590317142,0.72,0.0,1
132,Queen,We Will Rock You,,0.6762995676444334,0.2317211947593251,187.53072845736054,0.76,0.0,1
133,Neil Young,Rockin' in the Free World,,0.7302615175702195,0.2502102314326711,241.93645976952158,0.82,0.0,3
134,Scorpions,Rock You Like a Hurricane,,0.733158137652988,0.25120270325796124,246.17341031726525,0.72,0.0,1
135,Joy Division,Love Will Tear Us Apart,,0.7286063359922593,0.2496431149193124,242.24373167674017,0.74,0.0,2
136,Rush,Nobody's Hero,,0.7575924787383241,0.25957466589157885,272.7759505203257,0.78,0.0,6
137,The Smiths,Heaven Knows I'm Miserable Now,,0.7092060467036793,0.24299597446898785,226.93573894762542,0.4,0.0,1
138,Ramones,Blitzkreig Bop,,0.6947099231995316,0.2380291532281293,213.6103977222621,0.76,0.0,3
139,The Cult,She Sells Sanctuary,,0.6586831490911029,0.2256852637165534,178.55489878421227,0.68,0.0,1
140,George Harrison,My Sweet Lord,,0.7452101671516644,0.25533210213431273,265.12719115650685,0.8,0.0,4
141,Iron Maiden,Wasting Love,,0.6460716489800845,0.22136417286681181,167.18368845057165,0.72,0.0,2
142,America,A Horse with No Name,,0.7146481102347358,0.24486059411936678,237.8675963331825,0.66,0.0,1
143,Ozzy Osbourne,Crazy Train,,0.6326119346494865,0.2167524575338144,156.3805920176568,0.72,0.0,1
144,Guns N' Roses,Paradise City,,0.7312672278227259,0.25055481893862536,255.58645301546,0.6799999999999999,0.0,2
145,Eric Clapton,I Shot the Sheriff,,0.6617312121291931,0.22672962459253038,187.38675839360712,0.66,0.0,1
146,Foo Fighters,Everlong,,0.7180725580834448,0.24603391609805395,244.11477397312433,0.7,0.0,9
147,Queen,Somebody to Love,,0.6471720895438412,0.22174121791370352,175.99639216562548,0.78,0.0,1
148,U2,With or Without You,,0.6960137752569295,0.23847589335777622,227.38363501953336,0.76,0.0,1
149,John Lennon,Imagine,,0.6461056039923684,0.22137580690650507,180.65631215456762,0.7,0.0,1
150,Creedence Clearwater Revival,Who'll Stop the Rain,,0.7153103014822364,0.24508748136633698,254.621674343866,0.8,0.0,4
151,Pearl Jam,Jeremy,,0.64015145484162,0.21933573084998445,179.91169136634707,0.72,0.0,1
152,The Doors,Roadhouse Blues,,0.6147900346291538,0.2106461221712522,157.95420173040932,0.67,0.039999999999999994,0
153,U2,Pride (In the Name of Love),,0.6695205630567183,0.22939849766251105,215.66654763365,0.8999999999999999,0.0,12
154,Metallica,Master of Puppets,,0.579043357801362,0.19839820267004327,127.90679803597486,0.45999999999999996,0.0,1
155,Limp Bizkit,Take a Look Around,,0.7493178329908905,0.25673951577388193,299.6697720964628,0.54,0.0,3
156,Faith No More,Epic,,0.6285794851742359,0.2153708153519833,179.92103090260062,0.68,0.0,1
157,Foo Fighters,Best of You,,0.7070400130777461,0.24225382420939462,258.9080748002493,0.48,0.0,1
158,Aerosmith,Walk This Way,,0.6984170975703291,0.23929934607680192,250.8531344033758,0.6100000000000001,0.06399999999999999,0
159,Franz Ferdinand,Take Me Out,,0.740586448645706,0.2537478728553214,294.58291571068656,0.56,0.0,3
160,Talking Heads,Psycho Killer,,0.6113919636412865,0.20948183772267834,166.87072672507458,0.76,0.0,1
161,Alice Cooper,Poison,,0.6427943245066521,0.22024125991679647,200.83071873548917,0.66,0.0,1
162,Ramones,I Wanna Be Sedated,,0.6932589668299926,0.23753201060143161,255.60526032291392,0.74,0.0,2
163,Midnight Oil,Beds Are Burning,,0.6433338072820128,0.22042610343768482,206.20102786248094,0.71,0.024,0
164,U2,I Still Haven't Found What I'm Looking For,,0.6104840552275604,0.20917076015819994,173.48509762680857,0.7000000000000001,0.0,3
165,The Guess Who,No Time,,0.6782770249216934,0.23239873291666588,242.0757621442767,0.56,0.144,0
166,Nazareth,Love Hurts,,0.6754666030983815,0.2314357952869055,239.32029804150162,0.7,0.0,1
167,Deep Purple,Black Night,,0.651515635864445,0.22322945151764984,216.13940631182768,0.55,0.19199999999999998,0
168,Greta Van Fleet,Highway Tune,,0.721688512855454,0.24727285428469814,289.7487912514852,0.64,0.0,7
169,Iron Maiden,Wasted Years,,0.6060011921427585,0.20763479231251455,174.87553523912837,0.63,0.05600000000000001,0
170,Cream,Sunshine of Your Love,,0.681538943556435,0.23351636734881953,251.58231461997485,0.63,0.05600000000000001,0
171,Led Zeppelin,Going to California,,0.6704817349155939,0.22972782493427532,241.1031987945671,0.53,0.216,0
172,Kiss,Love Gun,,0.6375882517637249,0.21845749802530684,219.19012284851698,0.72,0.0,2
173,Rush,Closer to the Heart,,0.6676066685292575,0.22874273807347092,250.94881644833856,0.72,0.0,2
174,Peter Gabriel,Sledgehammer,,0.6648006738598548,0.22778131732386583,250.45826855840704,0.8200000000000001,0.0,6
175,Ozzy Osbourne,Mr. Crowley,,0.5821989447593662,0.19947940457384242,169.11255318927928,0.62,0.096,0
176,The Clash,London Calling,,0.6894039701767403,0.23621116925682434,276.4500635915328,0.78,0.0,1
177,Grand Funk Railroad,The Loco-Motion,,0.7069370641862581,0.24221855072812087,295.4024182263603,0.68,0.0,1
178,Duran Duran,Notorious,,0.7141671748535192,0.24469581075047342,303.4641080865804,0.46,0.0,2
179,Kiss,I Was Made for Lovin' You,,0.6295448843563076,0.21570159103570652,219.59846797871597,0.7799999999999999,0.0,3
180,Radiohead,Creep,,0.6486165409331883,0.22223613173255616,239.4921343931562,0.6600000000000001,0.0,2
181,Queen,Another One Bites the Dust,,0.5891054145829909,0.2018457752114486,180.98275678000624,0.7799999999999999,0.0,3
182,Echo & the Bunnymen,Lips Like Sugar,,0.7068200483639523,0.24217845748032404,299.47561585533623,0.8599999999999999,0.0,5
183,The Kinks,You Really Got Me,,0.6953980283679894,0.23826491938765895,290.3080507264806,0.94,0.0,6
184,Whitesnake,Here I Go Again,,0.6101379484228052,0.20905217323880926,206.30023028996072,0.64,0.07999999999999999,0
185,Deep Purple,Highway Star,,0.5894059130569208,0.20194873530300228,187.6628022130403,0.9,0.0,4
186,Men at Work,Down Under,,0.6387072695879994,0.218840908217481,238.91616664376485,0.82,0.0,3
187,Skid Row,18 and Life,,0.6668113639053689,0.22847024205770827,269.15989557159867,0.8,0.0,12
188,Kings of Leon,Sex on Fire,,0.6556872514131458,0.2246587763098989,258.1193010435478,0.72,0.0,9
189,Frank Zappa,Bobby Brown,,0.5763950799604023,0.19749082059452427,179.46451324751175,0.7,0.0,1
190,Twisted Sister,We're Not Gonna Take It,,0.573891086564283,0.19663287484211284,178.63228933260302,0.71,0.024,0
191,Thin Lizzy,Whiskey in the Jar,,0.6781251904189677,0.2323467097097018,284.2945883441089,0.68,0.0,3
192,Coldplay,Viva la Vida,,0.6899381590207075,0.2363941989127242,297.5032502420856,0.56,0.0,3
193,Rush,Fly by Night,,0.5782206348460953,0.19811631228407967,187.24298471413206,0.69,0.03200000000000001,0
194,Dire Straits,Brothers in Arms,,0.6563697738747922,0.22489262966103093,265.97053648925475,0.55,0.19199999999999998,0
195,Elvis Presley,A Little Less Conversation,,0.594276627800508,0.20361759314901123,204.26923886349346,0.9199999999999999,0.0,5
196,The Cult,Revolution,,0.5883977444419128,0.20160330548585456,202.46472685971003,0.72,0.0,1
197,Rainbow,Stargazer,,0.6070034087068018,0.20797818277250935,222.37448027009563,0.44,0.24,0
198,Chuck Berry,Johnny B. Goode,,0.5844550269343437,0.20025240825752338,200.62581040033496,0.8400000000000001,0.0,2
199,Bachman–Turner Overdrive,Hey You,,0.6796284531969758,0.23286177413325387,296.04791039886504,0.6799999999999999,0.0,2
200,The Jimi Hendrix Experience,Purple Haze,,0.6217405466240826,0.21302758302189803,238.3543689676166,0.72,0.0,1
201,Black Sabbath,Changes,,0.5803444627417272,0.198844001552244,197.2691753413627,0.72,0.0,1
202,Derek and the Dominos,Layla,,0.5740500436050693,0.19668733845138986,191.0379604453869,0.7,0.0,1
203,Joe Cocker,With a Little Help from My Friends,,0.6050349772836412,0.20730373715255238,222.58019228120583,0.8,0.0,4
204,The Black Crowes,Remedy,,0.5858153472957197,0.20071849617843007,204.98899509832557,0.7000000000000001,0.0,3
205,Guns N' Roses,November Rain,,0.6201573840098575,0.21248514243784694,240.0539043426328,0.55,0.19199999999999998,0
206,Rush,Time Stand Still,,0.6428239379781046,0.2202514064100285,264.83690952933483,0.8,0.0,2
207,The Who,Who Are You,,0.5315115662320568,0.1821123375616963,154.56712897068542,0.59,0.144,0
208,The Rolling Stones,Jumpin' Jack Flash,,0.6398324136814281,0.21922641745936003,265.02390029160335,0.66,0.0,1
209,The Clash,Should I Stay or Should I Go,,0.6414059110106074,0.2197655464171649,267.831093076968,0.6600000000000001,0.0,2
210,Deep Purple,Hush,,0.619919885869369,0.2124037682133168,248.71059694467968,0.76,0.0,3
211,The Doors,L.A. Woman,,0.5351321807540556,0.18335287232312264,166.79716072656785,0.63,0.05600000000000001,0
212,The Doors,Love Me Two Times,,0.5798912486117367,0.19868871634328103,212.39700743543068,0.6599999999999999,0.06400000000000002,0
213,Genesis,Mama,,0.5343741549074021,0.1830931491719505,173.67972966173838,1.0,0.0,25
214,Roy Orbison and the Candy Men,"Oh, Pretty Woman",,0.5990283276720336,0.2052456728108136,238.8014874996675,0.8799999999999999,0.0,5
215,Mr. Big,Wild World,,0.6633759645353436,0.2272931677483599,303.5033374776669,0.6000000000000001,0.0,4
216,The Bolshoi,Sunday Morning,,0.6198964869535152,0.212395751019462,260.8814373838328,0.84,0.0,4
217,The Offspring,Come Out and Play,,0.6114592755844708,0.20950490088084442,255.6539482638655,0.5,0.0,2
218,Pearl Jam,Even Flow,,0.6072555631227401,0.20806457869130104,251.48688247760896,0.66,0.0,1
219,Iron Maiden,Can I Play with Madness,,0.580334758777172,0.19884067667319894,224.99382340156143,0.52,0.0,1
220,The Who,Won't Get Fooled Again,,0.580619960331023,0.1989383955657834,230.3051668140446,0.7,0.0,1
221,Led Zeppelin,D'yer Mak'er,,0.532510124502561,0.1824544745769305,187.7146320058287,0.76,0.0,1
222,The Rolling Stones,Miss You,,0.5721061290634517,0.1960212930749858,227.6802236107551,0.66,0.0,1
223,The Police,Every Breath You Take,,0.5574688936221793,0.1910061225104995,213.78386783784973,0.72,0.0,1
224,Rainbow,Long Live Rock 'n' Roll,,0.5650346928234223,0.19359839982974641,221.99239301875141,0.65,0.048,0
225,Yes,Roundabout,,0.5099458672845688,0.17472326064222218,168.56658932254695,0.5800000000000001,0.12799999999999997,0
226,ZZ Top,Gimme All Your Lovin',,0.6122345124676765,0.20977052106662042,274.12233911641897,0.6799999999999999,0.0,2
227,Uriah Heep,Easy Livin',,0.6366279341260123,0.21812846343619083,299.65284441270217,0.8,0.0,5
228,The Doobie Brothers,Listen to the Music,,0.6129215523446612,0.2100059222242711,277.5632034544846,0.7999999999999999,0.0,3
229,Scorpions,Wind of Change,,0.558003294033038,0.1911892246557742,227.00860817617922,0.68,0.0,1
230,Red Hot Chili Peppers,By the Way,,0.5306796177930682,0.18182728623905234,199.7897355644423,0.5800000000000001,0.0,1
231,Lynyrd Skynyrd,That Smell,,0.5733959653369576,0.1964632309626318,243.6123551060899,0.56,0.0,1
232,The Beatles,Come Together,,0.5593119290909095,0.1916376035896394,230.28372359078963,0.78,0.0,1
233,Alice Cooper,School's Out,,0.5465299014771182,0.18725808473170097,217.50253413554543,0.5900000000000001,0.072,0
234,Bon Jovi,You Give Love a Bad Name,,0.5875488276309745,0.2013124402730213,258.73918089262696,0.74,0.0,8
235,Dream Theater,Another Day,,0.6195436970308,0.21227487425670538,291.09734063223783,0.58,0.0,3
236,Metallica,Mama Said,,0.6285151626348802,0.21534877645622974,300.71902775132025,0.5800000000000001,0.0,4
237,Arctic Monkeys,Fluorescent Adolescent,,0.6150115366342119,0.21072201562396045,289.66721807526994,0.52,0.0,2
238,Heart,Barracuda,,0.6163661685061271,0.2111861544920549,293.12077144989564,0.72,0.0,3
239,Rammstein,Amerika,,0.5654997974994583,0.19375775910834925,243.86350019787236,0.46,0.0,2
240,The White Stripes,Seven Nation Army,,0.6013409898357703,0.20603806255242219,280.8925759266534,0.52,0.0,3
241,Van Halen,Can't Stop Lovin' You,,0.5707125743925422,0.19554381804948737,252.8699425349052,0.66,0.0,1
242,Asia,Heat of the Moment,,0.6153275700572541,0.21083029847060825,299.0396911598397,0.68,0.0,1
243,Lynyrd Skynyrd,Free Bird,,0.5869612155253869,0.201111106151759,270.79980839441714,0.68,0.0,1
244,Queen,Crazy Little Thing Called Love,,0.567590657402614,0.19447415252040054,252.59366392948195,0.66,0.0,1
245,Kiss,I Love It Loud,,0.4978246750846075,0.17057016448061238,183.87829382991066,0.65,0.048,0
246,Guns N' Roses,Patience,,0.5064465895032066,0.1735242996091459,192.56518577880897,0.6100000000000001,0.06399999999999999,0
247,Aerosmith,Janie's Got a Gun,,0.5685187362251516,0.19479214109214882,254.82972958513062,0.54,0.16000000000000003,0
248,The Cult,Edie (Ciao Baby),,0.5493678039004628,0.18823043806683357,240.60175561943356,0.55,0.088,0
249,The Killers,Mr. Brightside,,0.5970991036781543,0.2045846608714195,292.6503983256106,0.5,0.0,2
250,Black Sabbath,War Pigs,,0.4799446586872333,0.16444391664587452,179.43886766124228,0.6,0.11200000000000002,0
251,Black Sabbath,The Wizard,,0.5260587502341708,0.18024403378289336,225.9507552524995,0.5800000000000001,0.12799999999999997,0
252,Linkin Park,Numb,,0.6027439886701571,0.20651877344106342,306.5949246719179,0.6599999999999999,0.0,8
253,Siouxsie and the Banshees,Cities in Dust,,0.6027562059126219,0.206522959447023,307.1823926344801,0.6400000000000001,0.0,2
254,Red Hot Chili Peppers,Californication,,0.5056422591592892,0.17324871110193615,210.09449665340483,0.6000000000000001,0.0,1
255,Sex Pistols,Anarchy in the U.K.,,0.612644853380655,0.2099111165825176,318.8537859146069,0.64,0.0,1
256,Audioslave,Like a Stone,,0.5320837106452659,0.1823083719721063,242.29154151591433,0.6000000000000001,0.0,1
257,Guns N' Roses,Welcome to the Jungle,,0.49394448960902365,0.16924069266471026,204.34867709733626,0.56,0.144,0
258,David Bowie,Ziggy Stardust,,0.4960112478817952,0.169948828111127,207.09444568068886,0.5800000000000001,0.0,1
259,System of a Down,Chop Suey!,,0.5885287721345098,0.20164819963473132,300.01735719832016,0.44000000000000006,0.0,1
260,Bill Haley & His Comets,Rock Around the Clock,,0.5085139863907217,0.17423265386476855,220.88961310868333,0.7400000000000001,0.0,4
261,Aerosmith,Sweet Emotion,,0.5422148543622204,0.1857796158390037,256.7702142143138,0.56,0.144,0
262,The Killers,Somebody Told Me,,0.5875143142238278,0.20130061490993986,302.7391183462436,0.5,0.0,2
263,Whitesnake,Guilty of Love,,0.4996929832417914,0.17121030476618013,215.01497792591036,0.6000000000000001,0.0,1
264,Marillion,Kayleigh,,0.5854313182413756,0.20058691592087521,303.19250130410074,0.76,0.0,2
265,Quiet Riot,Cum on Feel the Noize,,0.49106269024662663,0.16825329887760912,208.94573855924153,0.66,0.0,3
266,The Verve,Bitter Sweet Symphony,,0.5830936060472187,0.19978594326238272,302.206570496836,0.8999999999999999,0.0,16
267,Deep Purple,Woman from Tokyo,,0.5552153274819646,0.19023398089831636,276.16385683122354,0.56,0.0,1
268,The Cult,Nirvana,,0.5654516867139701,0.1937412748619775,288.4806231997529,0.48,0.0,1
269,Van Halen,Runnin' with the Devil,,0.487826431372167,0.16714445627468955,211.03111968137546,0.6200000000000001,0.0,1
270,The Cult,Love Removal Machine,,0.5093178004014804,0.17450806546023365,232.6593152695141,0.5,0.0,2
271,Peter Frampton,Show Me the Way,,0.5561851647784313,0.1905662772175971,281.5763117153509,0.8,0.0,4
272,The Mamas & the Papas,California Dreamin',,0.5153265327206842,0.17656684340215137,241.06778189746663,0.7,0.0,1
273,Van Halen,Right Now,,0.48991296153610736,0.1678593661838791,217.87877251625173,0.64,0.0,1
274,U2,Beautiful Day,,0.5624926256307963,0.19272740881449935,290.66733252533265,0.62,0.0,3
275,Badfinger,Day After Day,,0.5686038549710888,0.19482130541288567,300.1902228582255,0.76,0.0,4
276,Iggy Pop,The Passenger,,0.556642049613714,0.190722820123972,288.34068452416466,0.68,0.0,1
277,James Brown,I Got You (I Feel Good),,0.51662274553922,0.17701096609177494,248.38671165822277,0.66,0.0,1
278,The Doors,People Are Strange,,0.47690098935503605,0.16340106118972572,208.8146422456393,0.5800000000000001,0.12799999999999997,0
279,Oasis,Champagne Supernova,,0.5354568529043922,0.18346411506551139,268.856662276007,0.5,0.0,1
280,The Doors,Gloria,,0.5109157743392855,0.17505558086284165,245.76946925276033,0.64,0.0,1
281,Green Day,Boulevard of Broken Dreams,,0.535908446343658,0.18361884497559638,272.9846725342387,0.52,0.0,3
282,Ramones,Sheena Is a Punk Rocker,,0.5195248298152657,0.17800531011905235,257.1444502879533,0.6200000000000001,0.0,1
283,Elvis Presley,Don't Be Cruel,,0.5055998085603987,0.17323416621093848,243.61240600191866,0.54,0.0,1
284,Suzi Quatro,48 Crash,,0.5872774502456531,0.20121945796907525,326.5812745323053,0.78,0.0,4
285,Kansas,Carry On Wayward Son,,0.4825752449338575,0.16534523703279763,222.01060480061594,0.6200000000000001,0.0,1
286,Santana,Evil Ways,,0.5479030234534779,0.18772855888270565,289.26438065050115,0.64,0.0,1
287,Peter Schilling,Major Tom (Coming Home),,0.5519297382287949,0.1891082361785842,293.3660109783718,0.72,0.0,3
288,Nirvana,About a Girl,,0.48240444984755687,0.16528671734219003,224.06627524681252,0.52,0.0,1
289,Robert Plant,29 Palms,,0.545128817174917,0.1867780298211302,292.9408223111587,0.8799999999999999,0.0,7
290,Nirvana,In Bloom,,0.5605357663379946,0.19205692816509828,309.3214547643005,0.6200000000000001,0.0,1
291,Kaiser Chiefs,Ruby,,0.5577374782936617,0.19109814794412014,307.82823508135573,0.52,0.0,2
292,The B-52's,Legal Tender,,0.5123122866852033,0.17553406927947532,262.8721684870374,0.66,0.0,1
293,Foo Fighters,Times Like These,,0.5276731109274865,0.1807971637958705,278.49520721754374,0.6799999999999999,0.0,9
294,"Emerson, Lake & Palmer",Lucky Man,,0.4939455148765083,0.16924104395313014,244.94130778249144,0.55,0.088,0
295,Tears for Fears,Shout,,0.5312076114661823,0.18200819323738968,282.9558749087987,0.6000000000000001,0.0,2
296,The Doors,Riders on the Storm,,0.47665033852378147,0.16331518044565246,229.09786794482991,0.6200000000000001,0.0,1
297,The Police,Message in a Bottle,,0.48882987812671297,0.16748826823608207,242.23840506811237,0.54,0.0,1
298,Focus,Hocus Pocus,,0.44722600408565777,0.1532334914173006,203.65676760201927,0.69,0.03200000000000001,0
299,Simple Minds,Don't You (Forget About Me),,0.5224550224979022,0.17900928495768856,281.0461800949611,0.74,0.0,3
300,Duran Duran,Save a Prayer,,0.5397577223337929,0.18493772624369945,298.7606606062582,0.6000000000000001,0.0,1
301,Aerosmith,No More No More,,0.4695868172890257,0.1608949991265569,229.24307058280618,0.44000000000000006,0.0,1
302,Creedence Clearwater Revival,Proud Mary,,0.4333296699950047,0.14847217662084666,195.86278143643324,0.62,0.096,0
303,Pixies,Here Comes Your Man,,0.5141122802433711,0.17615080286591023,277.03490270415654,0.55,0.088,0
304,Midnight Oil,Blue Sky Mine,,0.5338772957578439,0.1829229098264431,297.0696581591507,0.66,0.0,1
305,AC/DC,Jailbreak,,0.38737299385557816,0.13272599488175954,152.77594603316987,0.6599999999999999,0.06400000000000002,0
306,A Flock of Seagulls,I Ran (So Far Away),,0.5295592026312627,0.18144339727572753,295.2494347155196,0.56,0.0,2
307,Nirvana,Lithium,,0.48920523788042547,0.16761687812252304,255.57280329971414,0.6000000000000001,0.0,1
308,The Smiths,Bigmouth Strikes Again,,0.5350097098176891,0.18331090998415953,302.00400204196836,0.52,0.0,2
309,The Doors,Touch Me,,0.4852939701415084,0.16627675655976318,254.39010320376593,0.56,0.144,0
310,The Beatles,Helter Skelter,,0.4580331640383097,0.15693635940065004,227.74249950352362,0.6200000000000001,0.0,1
311,Asia,Only Time Will Tell,,0.5170971928404164,0.17717352644334589,288.3333013812789,0.76,0.0,3
312,Blondie,Call Me,,0.5325676913435856,0.18247419876103313,304.5963582064416,0.64,0.0,1
313,The Rolling Stones,Sympathy for the Devil,,0.47699046735447415,0.16343171912583337,249.36928670557236,0.66,0.0,1
314,Placebo,Every You Every Me,,0.5233168441657227,0.17930457177449433,301.33894255489184,0.46,0.0,2
315,Scorpions,Still Loving You,,0.4603944591400943,0.15774541229428216,240.81006815540178,0.56,0.144,0
316,Ghost,Square Hammer,,0.5225965551038909,0.17905777841550835,304.61198792919123,0.62,0.0,6
317,The Guess Who,American Woman,,0.46532204455479387,0.15943375579500302,248.06286107274795,0.65,0.048,0
318,Crash Test Dummies,Mmm Mmm Mmm Mmm,,0.5834763102802185,0.1999170695950803,366.56958823998315,0.56,0.0,3
319,Alice in Chains,Would?,,0.5088823332519191,0.17435886091685912,292.13315886497963,0.64,0.0,1
320,Arctic Monkeys,Do I Wanna Know?,,0.5435908825652953,0.18625108575336377,328.052220754271,0.46,0.0,2
321,The Clash,Rock the Casbah,,0.5201187336996658,0.17820879999875866,304.6391457757586,0.66,0.0,1
322,The Cranberries,Zombie,,0.48601173483327476,0.16652268499131825,273.1912409337798,0.5800000000000001,0.0,4
323,Black Sabbath,Sabbath Bloody Sabbath,,0.3814121934703284,0.13068363990613413,171.6914550652633,0.62,0.096,0
324,Dire Straits,Walk of Life,,0.4916052584070277,0.16843919954704828,282.16653833005626,0.6600000000000001,0.0,2
325,Def Leppard,Photograph,,0.49998664049251035,0.17131092084260813,291.353648798028,0.48,0.0,1
326,The Rolling Stones,Paint It Black,,0.4664304369258154,0.15981352537754143,257.840086613572,0.6000000000000001,0.0,2
327,The Velvet Underground,Sweet Jane,,0.5060438469887643,0.17338630754011056,298.3986176790719,0.52,0.0,2
328,Green Day,American Idiot,,0.5056148786503429,0.17323932969087263,298.87271507440977,0.48000000000000004,0.0,2
329,The Smiths,Panic,,0.49259215535116746,0.1687773410304103,285.9575056117797,0.5800000000000001,0.0,2
330,The Beach Boys,Barbara Ann,,0.462277800404957,0.15839070338851358,256.3931548553568,0.54,0.0,1
331,Hoodoo Gurus,1000 Miles Away,,0.49954713549739455,0.17116033280818777,294.4696707783994,0.6000000000000001,0.0,1
332,The Rolling Stones,Brown Sugar,,0.44918049469879345,0.15390316048362745,244.9281700813457,0.64,0.0,1
333,Van Halen,Dreams,,0.4229613216641799,0.1449196591007368,219.72448678009496,0.76,0.0,1
334,Blue Öyster Cult,Burnin' for You,,0.5160801030371359,0.17682503995057083,314.80016265507226,0.6200000000000001,0.0,1
335,Jon Bon Jovi,Blaze of Glory,,0.4750150250613272,0.16275487136450703,274.05138609116295,0.49,0.11200000000000002,0
336,New Model Army,51st State,,0.4880068377204442,0.16720626908156527,287.6511892458438,0.6600000000000001,0.0,2
337,Midnight Oil,King of the Mountain,,0.5120314687118861,0.17543785233745712,312.15915167339386,0.5,0.0,2
338,Kiss,Strutter,,0.5077954069715388,0.17398644628234694,309.05992780734914,0.5800000000000001,0.0,2
339,Electric Light Orchestra,Rock 'n' Roll Is King,,0.47025154178188666,0.1611227543419092,279.4083091515887,0.56,0.0,1
340,Oasis,Don't Look Back in Anger,,0.46273453775490864,0.15854719576184254,272.6810761629211,0.54,0.0,1
341,Icehouse,No Promises,,0.5046997356799098,0.17292577334302078,315.3021493608286,0.48000000000000004,0.0,2
342,The Beatles,All My Loving,,0.4057029293200901,0.13900639893479175,216.32013484591218,0.64,0.0,1
343,David Bowie,China Girl,,0.4622866707216691,0.1583937426339675,273.22502028765854,0.54,0.0,1
344,Oingo Boingo,Stay,,0.4644358236445216,0.15913010904144342,275.89380003762255,0.55,0.088,0
345,The Doobie Brothers,Long Train Runnin',,0.43068069285746624,0.14756455494464402,242.54120087654795,0.52,0.176,0
346,Joey Ramone,What a Wonderful World,,0.5062074639368842,0.17344236777808067,319.460857419495,0.62,0.0,5
347,Linkin Park,In the End,,0.4951321707861176,0.16964762904988043,308.76093870355703,0.44000000000000006,0.0,1
348,Social Distortion,Story of My Life,,0.538015985847702,0.1843409533359204,351.9428701791192,0.46,0.0,2
349,Bad Religion,Infected,,0.49132204637484617,0.16834216232625585,305.83136032321755,0.48,0.0,1
350,Pink Floyd,Hey You,,0.49019394155735274,0.16795563864854038,305.55084502412086,0.6200000000000001,0.0,1
351,Live,Pain Lies on the Riverside,,0.45418544748079476,0.15561801244249948,269.93417277984474,0.6200000000000001,0.0,1
352,R.E.M.,Shiny Happy People,,0.4602560229410094,0.15769797976144523,280.7478293156515,0.6400000000000001,0.0,2
353,The Smiths,The Boy with the Thorn in His Side,,0.4793030305813332,0.16422407496860097,299.9959024627089,0.54,0.0,2
354,The Strokes,Reptilia,,0.4939352203758816,0.1692375167381225,315.1991373529156,0.44,0.0,2
355,The Beatles,Drive My Car,,0.3878246745689563,0.1328807546946606,209.55064375675326,0.48,0.0,1
356,Van Halen,Ain't Talkin' 'bout Love,,0.41609662608040154,0.14256760161255502,238.4590486925542,0.6000000000000001,0.0,1
357,Don McLean,American Pie,,0.415631475667511,0.14240822666308817,238.03807260300687,0.53,0.096,0
358,The Cure,Close to Me,,0.5114258585192396,0.17523035151369165,336.43365642211126,0.46,0.0,2
359,Supertramp,The Logical Song,,0.44929373149636653,0.15394195892041448,274.9408024083392,0.6200000000000001,0.0,1
360,Bruce Springsteen,Dancing in the Dark,,0.45839748337781333,0.15706118649896944,284.762813860977,0.6000000000000001,0.0,1
361,Bachman–Turner Overdrive,Hold Back the Water,,0.47197659753322413,0.16171381191291823,301.69005783487404,0.52,0.176,0
362,Kansas,Dust in the Wind,,0.39768514594479376,0.1362592578276102,227.7269891875825,0.69,0.03200000000000001,0
363,Depeche Mode,Enjoy the Silence,,0.4467145190423877,0.15305824078725677,277.5566884595902,0.5800000000000001,0.0,2
364,ZZ Top,Sharp Dressed Man,,0.42357247414538973,0.14512905888435534,254.42025877798966,0.52,0.176,0
365,Green Day,Basket Case,,0.4567736096716955,0.15650479703293668,288.7669433788252,0.6000000000000001,0.0,2
366,Judas Priest,Turbo Lover,,0.45025126673134214,0.1542700401721082,284.0111307861029,0.54,0.0,1
367,Bon Jovi,Wanted Dead or Alive,,0.46967122100267483,0.16092391845506843,303.73715031930385,0.54,0.0,2
368,Velvet Revolver,Fall to Pieces,,0.46678561623475123,0.1599352208180798,302.17836491419195,0.52,0.0,2
369,Genesis,Invisible Touch,,0.42113866326579336,0.1442951598375134,256.92571258076475,0.48,0.0,1
370,The Beatles,Something,,0.392871297830583,0.13460988425148915,229.31168928729738,0.51,0.10400000000000001,0
371,Korn,Word Up!,,0.46732826222914525,0.1601211481558575,303.846560335315,0.44,0.0,2
372,The Cure,Lullaby,,0.44500741273786515,0.15247333325309567,282.5372190836169,0.54,0.0,1
373,The Killers,Runaways,,0.4661805305734809,0.15972789971502238,304.00356106052897,0.44000000000000006,0.0,1
374,The Cure,Inbetween Days,,0.44224620587042407,0.1515272581927054,280.61854467757416,0.48,0.32000000000000006,0
375,Aerosmith,Amazing,,0.4691847462998629,0.16075723714289722,307.66235116597096,0.6100000000000001,0.06399999999999999,0
376,Tears for Fears,Everybody Wants to Rule the World,,0.44382905636418535,0.15206959183461094,286.03812947615273,0.64,0.0,1
377,Echo & the Bunnymen,Bring On the Dancing Horses,,0.45674013998386426,0.15649332928044424,299.5967505705054,0.49,0.11200000000000002,0
378,Roxette,The Look,,0.5153532816224273,0.17657600840500953,358.8536958927101,0.46,0.0,2
379,Spy vs Spy,Clarity Of Mind,,0.4665894178469405,0.15986799716896274,312.7624100326519,0.56,0.0,2
380,Guns N' Roses,You Could Be Mine,,0.4450251384383527,0.15247940662751644,291.20707443620654,0.53,0.096,0
381,Billy Idol,Rebel Yell,,0.43693283107934516,0.14970673129353668,283.3923882157286,0.7000000000000001,0.0,3
382,Concrete Blonde,Heal It Up,,0.4944764920502976,0.1694229731912767,344.45271593269285,0.52,0.0,3
383,Elvis Presley,Jailhouse Rock,,0.3988496844271263,0.1366582648082138,248.84786415301937,0.55,0.088,0
384,Deep Purple,Perfect Strangers,,0.33399482652553775,0.11443698022090276,185.5660713608017,0.63,0.09600000000000002,0
385,4 Non Blondes,What's Up?,,0.44834104845317335,0.15361554018002616,301.1545495549883,0.6599999999999999,0.0,5
386,System of a Down,Aerials,,0.4122906613714763,0.14126356013189026,265.2614840928408,0.52,0.0,2
387,New Order,Regret,,0.4495732896731668,0.15403774421709673,302.57699370658923,0.54,0.0,2
388,Blondie,Hanging on the Telephone,,0.4207008187423205,0.1441451407321466,274.854361983317,0.44000000000000006,0.0,1
389,The Clash,London's Burning,,0.4508184396621191,0.15446437119853862,306.49703025574803,0.48,0.0,1
390,Tommy Tutone,867-5309/Jenny,,0.4381125821868517,0.1501109505910622,293.9109255829201,0.6000000000000001,0.0,1
391,The Rolling Stones,Like a Rolling Stone,,0.35583891546446034,0.1219214421805433,214.06350885353987,0.44,0.24,0
392,Counting Crows,Mr. Jones,,0.46678223860576173,0.1599340635376935,325.10954154372723,0.46,0.0,2
393,Rush,Limelight,,0.3586392068271429,0.1228809088004838,217.78364701865877,0.5800000000000001,0.0,1
394,Thin Lizzy,The Boys Are Back in Town,,0.45540562174422894,0.15603608196622004,315.2042923363776,0.5800000000000001,0.12799999999999997,0
395,The Kinks,Lola,,0.4138530165706738,0.14179887145059691,274.4433620061849,0.51,0.24,0
396,The Rolling Stones,You Can't Always Get What You Want,,0.4410495967791013,0.15111726282738683,303.9212348277509,0.52,0.0,1
397,Johnny Rivers,Secret Agent Man,,0.42140024766934026,0.1443847867623559,291.95231559783593,0.3,0.52,0
398,Nazareth,Hair of the Dog,,0.339780914364145,0.11641947326258009,210.90646144459413,0.49,0.11200000000000002,0
399,David Bowie,Let's Dance,,0.41359137414683395,0.1417092246462036,286.97775624189535,0.52,0.176,0
400,Billy Idol,Eyes Without a Face,,0.407044669143413,0.13946612058743077,280.88565510631366,0.52,0.176,0
401,Lou Reed,Vicious,,0.4264987966855446,0.14613170769221667,307.7144805637882,0.5800000000000001,0.0,2
402,Oasis,Stand by Me,,0.4052962894431061,0.13886707150854524,287.01781697244377,0.52,0.0,1
403,ZZ Top,Rough Boy,,0.4026578060702273,0.13796304532138445,286.7623134593665,0.5,0.0,1
404,Billy Idol,Dancing with Myself,,0.4241057291115888,0.14531176856478492,308.99088272444516,0.5800000000000001,0.12799999999999997,0
405,The Rolling Stones,Emotional Rescue,,0.4174886849045295,0.1430445641145801,305.56005218470267,0.52,0.0,1
406,The Wonders,That Thing You Do,,0.45034014282372814,0.15430049187620282,338.6175788006653,0.54,0.0,4
407,Bush,Machinehead,,0.42869222387525946,0.14688324383586468,318.9867529250378,0.54,0.0,2
408,Cream,I Feel Free,,0.42034530391782676,0.1440233303335783,312.35085080051033,0.56,0.0,1
409,Simple Minds,Alive and Kicking,,0.3987950709733386,0.13663955254612303,291.86384028620216,0.56,0.0,1
410,Jefferson Airplane,Somebody to Love,,0.42007268305936274,0.1439299219771903,314.40175765678737,0.55,0.088,0
411,Supertramp,Breakfast in America,,0.40190750602120073,0.13770596926795153,296.7786143368517,0.48,0.0,1
412,Queen,The Show Must Go On,,0.4110643803172085,0.14084339823234124,306.6938094896763,0.5,0.0,1
413,Oasis,Live Forever,,0.3962414354813461,0.13576459787293682,291.9461980302082,0.45999999999999996,0.0,1
414,Green Day,Wake Me Up When September Ends,,0.39518210872268933,0.13540163969005428,290.90887631508826,0.44000000000000006,0.0,1
415,David Bowie,Modern Love,,0.3913453740437026,0.1340870554638867,287.77593172492436,0.5,0.0,1
416,George Thorogood & The Destroyers,Bad to the Bone,,0.3973509282011501,0.13614474446907499,294.06393707655826,0.6100000000000001,0.06399999999999999,0
417,The Beatles,Yellow Submarine,,0.3993552986833037,0.13683150392462615,296.42732588822474,0.52,0.0,1
418,Janis Joplin,Me and Bobby McGee,,0.3941025791693014,0.13503175940348197,294.1721680027193,0.53,0.096,0
419,Tom Petty and the Heartbreakers,American Girl,,0.42880703074671334,0.14692258022863,329.2388154806065,0.44000000000000006,0.0,1
420,Eric Clapton,Bad Love,,0.38734210265082364,0.13271541059749303,288.9765620587602,0.53,0.096,0
421,Temple of the Dog,Hunger Strike,,0.3784753723312146,0.1296773939528502,281.0644677739067,0.47000000000000003,0.12,0
422,Hoodoo Gurus,Another World,,0.41625713095490297,0.14262259555764017,319.0266881090713,0.48,0.0,1
423,Status Quo,Down Down,,0.3882701786718669,0.13303339820936252,291.40446329855115,0.47000000000000003,0.12,0
424,Mick Jagger,Just Another Night,,0.37214595589422295,0.12750873969210977,275.7762301616205,0.44000000000000006,0.0,1
425,Tom Petty,Free Fallin',,0.3919288775997903,0.1342869818687399,295.8936493161078,0.6000000000000001,0.0,1
426,The Cure,Just Like Heaven,,0.38976493214995833,0.133545547083005,294.38553803613087,0.48,0.0,1
427,The Beatles,From Me to You,,0.39867434450267836,0.13659818791518308,304.115926879358,0.4,0.0,1
428,Midnight Oil,My Country,,0.4063475007014485,0.1392272490694684,314.3289322671924,0.45999999999999996,0.0,1
429,David Lee Roth,Just a Gigolo,,0.3848144570876698,0.1318493608795224,293.4952903455814,0.56,0.0,1
430,Creedence Clearwater Revival,Hey Tonight,,0.3158635261776426,0.10822463471580651,224.5755168629262,0.76,0.0,1
431,Foghat,Slow Ride,,0.3991679647003087,0.136767317495364,309.7341363159956,0.49,0.11200000000000002,0
432,The Beach Boys,Surfin' U.S.A.,,0.34631586276765036,0.11865854914580903,257.64711585478074,0.69,0.03200000000000001,0
433,Yes,Wonderous Stories,,0.36568356289641935,0.12529452353983409,278.17364031082377,0.48,0.0,1
434,Toto,Africa,,0.38084984035397734,0.13049096029752316,294.2201643020633,0.56,0.0,2
435,AC/DC,Black Ice,,0.3568811721349051,0.12227855162209231,271.9526174541097,0.52,0.0,1
436,The Beatles,Love Me Do,,0.3120703410010306,0.10692497189903238,228.90692716200607,0.45,0.128,0
437,Joe Cocker,Unchain My Heart,,0.32395339773115905,0.11099647546732373,241.3311638572564,0.47,0.288,0
438,Shocking Blue,Venus,,0.3654798403898533,0.1252247218944105,284.31987047492737,0.6100000000000001,0.06399999999999999,0
439,Creedence Clearwater Revival,Fortunate Son,,0.29762905254688093,0.10197693884599492,216.87923034109681,0.5,0.0,1
440,Lenny Kravitz,American Woman,,0.3895928409817159,0.1334865833145502,309.772285483572,0.48,0.0,1
441,Mötley Crüe,Home Sweet Home,,0.355811844334198,0.12191216677220655,276.47999947754573,0.6000000000000001,0.0,1
442,Pink Floyd,Take It Back,,0.33935644293123146,0.11627403619255725,260.4961970280155,0.44,0.24,0
443,Dio,The Last in Line,,0.37736804558028103,0.12929798948478435,298.9464059981616,0.5,0.0,1
444,The Blues Brothers,Sweet Home Chicago,,0.3641105774958942,0.12475556998465409,285.7507582390541,0.52,0.176,0
445,Black Sabbath,Black Sabbath,,0.32185366402113463,0.11027704161398273,244.37289366851294,0.43,0.336,0
446,Ramones,I Believe in Miracles,,0.3677367208443151,0.12599799909338663,294.850645933765,0.43000000000000005,0.13599999999999998,0
447,The Rolling Stones,It's Only Rock 'n Roll (But I Like It),,0.3388592540686387,0.11610368387714427,267.60246932549416,0.53,0.096,0
448,Joe Cocker,You Can Leave Your Hat On,,0.34298959527239686,0.11751886679945793,272.60028794312126,0.45999999999999996,0.22400000000000003,0
449,The Who,You Better You Bet,,0.33478776661431453,0.11470866607364387,265.1699551304714,0.4,0.44800000000000006,0
450,The Police,Don't Stand So Close to Me,,0.36051796550559806,0.12352462975856811,291.6140523272229,0.48,0.0,1
451,Ramones,Do You Wanna Dance?,,0.37380186461133713,0.12807610534588143,304.97744140049343,0.44000000000000006,0.0,1
452,Jerry Lee Lewis,Great Balls of Fire,,0.31911474647986016,0.10933860356762712,251.3487473287587,0.51,0.10400000000000001,0
453,The Strokes,Last Nite,,0.40143054621947305,0.13754254805581997,334.02440390217174,0.44000000000000006,0.0,1
454,Philip Bailey,Easy Lover,,0.36523207017710335,0.12513982813952584,298.9562309208534,0.56,0.0,2
455,INXS,Disappear,,0.3424125557961014,0.117321155188705,279.2692073733145,0.4,0.0,1
456,Billy Idol,Sweet Sixteen,,0.3490749493687749,0.11960389773723851,286.99482510490407,0.52,0.0,1
457,The Mission,Like a Child Again,,0.3736483586288333,0.1280235094381354,311.8744856254864,0.45999999999999996,0.0,1
458,Greta Van Fleet,Talk on the Street,,0.32481042395174264,0.11129011921526431,263.04159021683773,0.42000000000000004,0.0,1
459,Midnight Oil,Truganini,,0.34205833879571634,0.11719978946490427,280.9273876522701,0.48,0.0,1
460,The Cult,Painted on My Heart,,0.3236845965952288,0.11090437586627362,262.8694729682759,0.43,0.336,0
461,Muse,Panic Station,,0.40789126883062843,0.1397561918818539,347.4813734571105,0.31,0.18400000000000002,0
462,Fastway,Say What You Will,,0.4074578585788884,0.13960769209542945,352.1520098404968,0.4,0.0,1
463,The Police,Every Little Thing She Does Is Magic,,0.3627955253794112,0.12430499236760253,309.63354795595336,0.5,0.192,0
464,Pearl Jam,Daughter,,0.39971531814718564,0.13695485775227664,348.2200205838422,0.54,0.0,1
465,Nirvana,The Man Who Sold the World,,0.3264799325592776,0.11186214461304242,276.254303865899,0.52,0.0,1
466,Genesis,Follow You Follow Me,,0.31946132968303126,0.10945735371588174,270.1173205447705,0.44,0.24,0
467,Queen,You're My Best Friend,,0.3624745898127936,0.12419502989461678,314.048314335223,0.44000000000000006,0.0,1
468,Bad Religion,New America,,0.34491909446474095,0.11817997303037629,298.80814361263526,0.38,0.0,1
469,Van Halen,Feel Your Love Tonight,,0.30879920144620915,0.10580417809384363,262.8385757795941,0.45999999999999996,0.0,1
470,Aerosmith,Love in an Elevator,,0.31971413806676807,0.10954397370431188,274.0145316757814,0.45999999999999996,0.22400000000000003,0
471,The Mission,Butterfly on a Wheel,,0.349957629042145,0.11990633115326964,304.923137417586,0.44000000000000006,0.0,1
472,Joan Jett,Bad Reputation,,0.33340633169705725,0.11423534365141604,290.4153285256829,0.31,0.18400000000000002,0
473,Radiohead,Fake Plastic Trees,,0.32341607333112055,0.11081237147272274,282.52651707525655,0.48,0.0,1
474,U2,I Will Follow,,0.3286981520387449,0.11262217536363253,288.2438583181658,0.47000000000000003,0.12,0
475,Elton John,Crocodile Rock,,0.2941630593951037,0.10078938215871973,253.7170951344076,0.44000000000000006,0.0,1
476,Extreme,More Than Words,,0.3286509875434031,0.11260601534559661,289.37885665988097,0.52,0.0,1
477,Toy Dolls,James Bond Lives Down Our Street,,0.3434329314135322,0.11767076750325652,305.40409386583264,0.38,0.0,1
478,Fine Young Cannibals,Suspicious Minds,,0.3470016975348719,0.11889353739550079,310.05959889258685,0.4,0.0,1
479,Red Hot Chili Peppers,Under the Bridge,,0.30125073472431224,0.10321783941926596,266.3284874289521,0.5800000000000001,0.0,1
480,Soundgarden,Black Hole Sun,,0.3264406881392362,0.11184869825829863,291.53952330655306,0.6200000000000001,0.0,2
481,Blue Öyster Cult,Godzilla,,0.32782510734645953,0.11232304319077122,292.9294774140838,0.47000000000000003,0.12,0
482,Sex Pistols,God Save the Queen,,0.3467151934339893,0.11879537220992897,313.02752255258434,0.5800000000000001,0.12799999999999997,0
483,Blondie,Heart of Glass,,0.3202121583154738,0.10971461087837717,286.5340631126975,0.33,0.17600000000000002,0
484,The Pretenders,Back on the Chain Gang,,0.3142445683789098,0.10766992959201954,280.97999206682846,0.45999999999999996,0.0,1
485,The Beatles,Can't Buy Me Love,,0.3119208968447673,0.10687376769885858,278.88265496808816,0.45999999999999996,0.22400000000000003,0
486,The Smashing Pumpkins,1979,,0.3345740844562543,0.11463545194290456,302.63089041021556,0.4,0.0,1
487,Kiss,Lick It Up,,0.286566083241707,0.09818642264929017,256.06534224552587,0.48,0.20800000000000002,0
488,The Jimi Hendrix Experience,Hey Joe,,0.27549739920448807,0.09439394840825041,245.73789399814143,0.52,0.0,1
489,The Rolling Stones,Wild Horses,,0.30424421466046986,0.10424349843263857,275.0957061158047,0.5,0.0,1
490,Queen,Bicycle Race,,0.30104639267656963,0.10314782549983169,272.20687099185824,0.44,0.24,0
491,The Doors,"Hello, I Love You",,0.32951584004202966,0.11290234061898154,301.1305336234098,0.43000000000000005,0.13599999999999998,0
492,Creedence Clearwater Revival,Molina,,0.3392963645951633,0.11625345149240529,313.46242063129864,0.48,0.0,1
493,Mr. Big,To Be with You,,0.3186493433622679,0.10917914203369651,292.8166938367802,0.6200000000000001,0.0,2
494,Duran Duran,Ordinary World,,0.35460336617617605,0.12149810469673791,329.62104483864545,0.5,0.0,1
495,Pink Floyd,Learning to Fly,,0.27253816192772595,0.09338002199138751,248.64347371662552,0.51,0.10400000000000001,0
496,The Kinks,All Day and All of the Night,,0.32535549893847604,0.11147687880110763,301.6191189697037,0.5,0.0,1
497,The Jimi Hendrix Experience,Fire,,0.26469769960369793,0.09069363657269323,243.2935785877689,0.45999999999999996,0.22400000000000003,0
498,Bauhaus,Ziggy Stardust,,0.3029784578487005,0.10380981091496126,282.3605072157397,0.49,0.11200000000000002,0
499,Dishwalla,Charlie Brown’s Parents,,0.32357973558864334,0.11086844723509871,303.27358372812995,0.31,0.18400000000000002,0
500,Goo Goo Dolls,Iris,,0.3193836156106671,0.10943072646582958,299.6655221840918,0.47000000000000003,0.12,0
